[{"model": "application.size", "pk": 8, "fields": {"name": "small", "multiplier": "1.00", "description": "10\" - perfect for one"}}, {"model": "application.size", "pk": 9, "fields": {"name": "medium", "multiplier": "1.10", "description": "12\" - sharing is caring"}}, {"model": "application.size", "pk": 10, "fields": {"name": "large", "multiplier": "1.20", "description": "14\" - feed the squad"}}, {"model": "application.size", "pk": 11, "fields": {"name": "x-large", "multiplier": "1.30", "description": "16\" - absolute unit"}}, {"model": "application.topping", "pk": 71, "fields": {"name": "Tomato Sauce", "icon": "🍅", "base_price": "9.00"}}, {"model": "application.topping", "pk": 72, "fields": {"name": "Mozzarella", "icon": "🧀", "base_price": "15.00"}}, {"model": "application.topping", "pk": 73, "fields": {"name": "Pepperoni", "icon": "🌶️", "base_price": "25.00"}}, {"model": "application.topping", "pk": 74, "fields": {"name": "Nduja", "icon": "🔥", "base_price": "35.00"}}, {"model": "application.topping", "pk": 75, "fields": {"name": "Parmesan", "icon": "🧂", "base_price": "20.00"}}, {"model": "application.topping", "pk": 76, "fields": {"name": "Blue Cheese", "icon": "🔵", "base_price": "30.00"}}, {"model": "application.topping", "pk": 77, "fields": {"name": "Gorgonzola", "icon": "💙", "base_price": "35.00"}}, {"model": "application.topping", "pk": 78, "fields": {"name": "Vegan Cheese", "icon": "🌱", "base_price": "9.00"}}, {"model": "application.topping", "pk": 79, "fields": {"name": "Bell Pepper", "icon": "🫑", "base_price": "9.00"}}, {"model": "application.topping", "pk": 80, "fields": {"name": "Zucchini", "icon": "🥒", "base_price": "15.00"}}, {"model": "application.topping", "pk": 81, "fields": {"name": "Mushroom", "icon": "🍄", "base_price": "9.00"}}, {"model": "application.topping", "pk": 82, "fields": {"name": "Meat Mix", "icon": "🥩", "base_price": "40.00"}}, {"model": "application.topping", "pk": 83, "fields": {"name": "Ham", "icon": "🐖", "base_price": "30.00"}}, {"model": "application.topping", "pk": 84, "fields": {"name": "Bacon", "icon": "🥓", "base_price": "30.00"}}, {"model": "application.pizza", "pk": 47, "fields": {"name": "Basic AF (Margherita)", "base_price": "159.00", "icon": "🍅", "description": "Safe choice. Boring tho.", "available": true, "available_toppings": [71, 72]}}, {"model": "application.pizza", "pk": 48, "fields": {"name": "You can't take this (Pepperoni)", "base_price": "209.00", "icon": "🍕", "description": "Loaded with pepperoni for when you're feeling extra. No cap.", "available": true, "available_toppings": [71, 72, 73]}}, {"model": "application.pizza", "pk": 49, "fields": {"name": "Hotter than hell (Nduja)", "base_price": "219.00", "icon": "🌶️", "description": "Bro. Bro. Bro! This is hot.", "available": true, "available_toppings": [71, 72, 74]}}, {"model": "application.pizza", "pk": 50, "fields": {"name": "Cheesy x 4 (Quatro Formaggi)", "base_price": "239.00", "icon": "🧀", "description": "Just cheese. No explanation needed. It's giving simplicity.", "available": true, "available_toppings": [72, 75, 76, 77]}}, {"model": "application.pizza", "pk": 51, "fields": {"name": "No nothing (Vegan (none slayed))", "base_price": "129.00", "icon": "🥦", "description": "No animals were harmed making this pizza. It's the responsible choice.", "available": true, "available_toppings": [71, 78, 79, 80, 81]}}, {"model": "application.pizza", "pk": 52, "fields": {"name": "All the good stuff (Hella meat)", "base_price": "249.00", "icon": "🥩", "description": "Hella meat.", "available": true, "available_toppings": [71, 72, 82, 83, 84]}}, {"model": "application.pizzaprice", "pk": 11, "fields": {"pizza": 48, "size": 9, "price": "209.00"}}, {"model": "application.drink", "pk": 43, "fields": {"name": "Orange juice", "price": "39.99", "icon": "🍊", "description": "I see you're thirsty...", "available": true}}, {"model": "application.drink", "pk": 44, "fields": {"name": "Lemonade", "price": "59.99", "icon": "🍋", "description": "I see you're thirsty...", "available": true}}, {"model": "application.drink", "pk": 45, "fields": {"name": "Ice Tea", "price": "45.99", "icon": "🌱", "description": "I see you're thirsty...", "available": true}}, {"model": "application.drink", "pk": 46, "fields": {"name": "Coca Cola", "price": "49.99", "icon": "🥤", "description": "I see you're thirsty...", "available": true}}, {"model": "application.drink", "pk": 47, "fields": {"name": "Water", "price": "49.99", "icon": "💦", "description": "I see you're thirsty...", "available": true}}, {"model": "application.drink", "pk": 48, "fields": {"name": "Sparkling Water", "price": "49.99", "icon": "🫧", "description": "I see you're thirsty...", "available": true}}, {"model": "application.cart", "pk": 2, "fields": {"user": 2, "created_at": "2025-05-18T20:27:19.015Z"}}, {"model": "application.order", "pk": 1, "fields": {"user": 1, "created_at": "2025-05-18T21:16:19.700Z", "total_price": "2499.81"}}, {"model": "application.order", "pk": 2, "fields": {"user": 1, "created_at": "2025-05-18T21:17:42.570Z", "total_price": "2499.81"}}, {"model": "application.order", "pk": 3, "fields": {"user": 1, "created_at": "2025-05-18T21:23:20.468Z", "total_price": "2499.81"}}, {"model": "application.order", "pk": 4, "fields": {"user": 1, "created_at": "2025-05-18T21:27:52.694Z", "total_price": "239.98"}}, {"model": "application.order", "pk": 5, "fields": {"user": 1, "created_at": "2025-05-19T20:44:37.818Z", "total_price": "268.99"}}, {"model": "application.order", "pk": 7, "fields": {"user": 1, "created_at": "2025-06-02T16:33:24.642Z", "total_price": "627.00"}}, {"model": "application.orderitem", "pk": 8, "fields": {"order": 7, "pizza": 11, "drink": null, "quantity": 3, "toppings": []}}, {"model": "admin.logentry", "pk": 1, "fields": {"action_time": "2025-02-22T13:33:29.956Z", "user": 1, "content_type": 7, "object_id": "1", "object_repr": "ShoppingList object (1)", "action_flag": 1, "change_message": "[{\"added\": {}}]"}}, {"model": "admin.logentry", "pk": 2, "fields": {"action_time": "2025-02-22T13:33:37.192Z", "user": 1, "content_type": 7, "object_id": "1", "object_repr": "ShoppingList object (1)", "action_flag": 2, "change_message": "[{\"changed\": {\"fields\": [\"Name\"]}}]"}}, {"model": "admin.logentry", "pk": 3, "fields": {"action_time": "2025-02-22T13:35:03.959Z", "user": 1, "content_type": 7, "object_id": "1", "object_repr": "test123", "action_flag": 2, "change_message": "[]"}}, {"model": "admin.logentry", "pk": 4, "fields": {"action_time": "2025-02-22T13:35:10.275Z", "user": 1, "content_type": 7, "object_id": "2", "object_repr": "testo", "action_flag": 1, "change_message": "[{\"added\": {}}]"}}, {"model": "admin.logentry", "pk": 5, "fields": {"action_time": "2025-04-13T18:27:52.925Z", "user": 2, "content_type": 13, "object_id": "7", "object_repr": "Ekkel pizza", "action_flag": 1, "change_message": "[{\"added\": {}}]"}}, {"model": "admin.logentry", "pk": 6, "fields": {"action_time": "2025-04-13T18:30:57.063Z", "user": 2, "content_type": 13, "object_id": "7", "object_repr": "Ekkel pizza", "action_flag": 3, "change_message": ""}}, {"model": "admin.logentry", "pk": 7, "fields": {"action_time": "2025-04-24T17:36:19.876Z", "user": 3, "content_type": 13, "object_id": "27", "object_repr": "tester pizza", "action_flag": 1, "change_message": "[{\"added\": {}}]"}}, {"model": "admin.logentry", "pk": 8, "fields": {"action_time": "2025-04-24T17:37:06.680Z", "user": 3, "content_type": 13, "object_id": "27", "object_repr": "tester pizza", "action_flag": 3, "change_message": ""}}, {"model": "admin.logentry", "pk": 9, "fields": {"action_time": "2025-05-03T17:28:35.627Z", "user": 2, "content_type": 4, "object_id": "4", "object_repr": "mammamia", "action_flag": 3, "change_message": ""}}, {"model": "admin.logentry", "pk": 10, "fields": {"action_time": "2025-05-12T17:24:28.476Z", "user": 1, "content_type": 13, "object_id": "34", "object_repr": "hei", "action_flag": 1, "change_message": "[{\"added\": {}}]"}}, {"model": "admin.logentry", "pk": 11, "fields": {"action_time": "2025-05-12T17:24:45.349Z", "user": 1, "content_type": 13, "object_id": "34", "object_repr": "hei", "action_flag": 3, "change_message": ""}}, {"model": "admin.logentry", "pk": 12, "fields": {"action_time": "2025-05-12T21:25:11.373Z", "user": 1, "content_type": 15, "object_id": "1", "object_repr": "small", "action_flag": 1, "change_message": "[{\"added\": {}}]"}}, {"model": "admin.logentry", "pk": 13, "fields": {"action_time": "2025-05-12T21:25:16.292Z", "user": 1, "content_type": 15, "object_id": "2", "object_repr": "medium", "action_flag": 1, "change_message": "[{\"added\": {}}]"}}, {"model": "admin.logentry", "pk": 14, "fields": {"action_time": "2025-05-12T21:25:20.198Z", "user": 1, "content_type": 15, "object_id": "3", "object_repr": "large", "action_flag": 1, "change_message": "[{\"added\": {}}]"}}, {"model": "admin.logentry", "pk": 15, "fields": {"action_time": "2025-05-19T17:49:49.588Z", "user": 1, "content_type": 8, "object_id": "4", "object_repr": "Cart of annasundbye", "action_flag": 3, "change_message": ""}}, {"model": "admin.logentry", "pk": 16, "fields": {"action_time": "2025-06-01T16:29:46.010Z", "user": 1, "content_type": 11, "object_id": "6", "object_repr": "Order 6 by annasundbye", "action_flag": 3, "change_message": ""}}, {"model": "admin.logentry", "pk": 17, "fields": {"action_time": "2025-06-01T17:03:07.783Z", "user": 1, "content_type": 13, "object_id": "40", "object_repr": "All the good stuff (Hella meat)", "action_flag": 2, "change_message": "[{\"changed\": {\"fields\": [\"Available\"]}}]"}}, {"model": "admin.logentry", "pk": 18, "fields": {"action_time": "2025-06-01T17:03:57.183Z", "user": 1, "content_type": 13, "object_id": "40", "object_repr": "All the good stuff (Hella meat)", "action_flag": 2, "change_message": "[{\"changed\": {\"fields\": [\"Available\"]}}]"}}, {"model": "admin.logentry", "pk": 19, "fields": {"action_time": "2025-06-01T17:42:52.527Z", "user": 1, "content_type": 15, "object_id": "2", "object_repr": "medium", "action_flag": 2, "change_message": "[{\"changed\": {\"fields\": [\"Multiplier\"]}}]"}}, {"model": "admin.logentry", "pk": 20, "fields": {"action_time": "2025-06-01T17:42:56.473Z", "user": 1, "content_type": 15, "object_id": "3", "object_repr": "large", "action_flag": 2, "change_message": "[{\"changed\": {\"fields\": [\"Multiplier\"]}}]"}}, {"model": "admin.logentry", "pk": 21, "fields": {"action_time": "2025-06-01T17:43:00.258Z", "user": 1, "content_type": 15, "object_id": "3", "object_repr": "large", "action_flag": 2, "change_message": "[{\"changed\": {\"fields\": [\"Multiplier\"]}}]"}}, {"model": "admin.logentry", "pk": 22, "fields": {"action_time": "2025-06-01T17:43:16.375Z", "user": 1, "content_type": 15, "object_id": "3", "object_repr": "large", "action_flag": 2, "change_message": "[{\"changed\": {\"fields\": [\"Multiplier\"]}}]"}}, {"model": "admin.logentry", "pk": 23, "fields": {"action_time": "2025-06-01T17:43:36.563Z", "user": 1, "content_type": 15, "object_id": "1", "object_repr": "small", "action_flag": 2, "change_message": "[{\"changed\": {\"fields\": [\"Multiplier\"]}}]"}}, {"model": "admin.logentry", "pk": 24, "fields": {"action_time": "2025-06-01T17:43:40.759Z", "user": 1, "content_type": 15, "object_id": "2", "object_repr": "medium", "action_flag": 2, "change_message": "[{\"changed\": {\"fields\": [\"Multiplier\"]}}]"}}, {"model": "admin.logentry", "pk": 25, "fields": {"action_time": "2025-06-01T17:43:43.974Z", "user": 1, "content_type": 15, "object_id": "3", "object_repr": "large", "action_flag": 2, "change_message": "[{\"changed\": {\"fields\": [\"Multiplier\"]}}]"}}, {"model": "admin.logentry", "pk": 26, "fields": {"action_time": "2025-06-01T17:46:14.540Z", "user": 1, "content_type": 15, "object_id": "1", "object_repr": "small", "action_flag": 2, "change_message": "[{\"changed\": {\"fields\": [\"Description\"]}}]"}}, {"model": "admin.logentry", "pk": 27, "fields": {"action_time": "2025-06-01T17:46:24.772Z", "user": 1, "content_type": 15, "object_id": "2", "object_repr": "medium", "action_flag": 2, "change_message": "[{\"changed\": {\"fields\": [\"Description\"]}}]"}}, {"model": "admin.logentry", "pk": 28, "fields": {"action_time": "2025-06-01T17:46:39.305Z", "user": 1, "content_type": 15, "object_id": "3", "object_repr": "large", "action_flag": 2, "change_message": "[{\"changed\": {\"fields\": [\"Description\"]}}]"}}, {"model": "auth.user", "pk": 1, "fields": {"password": "pbkdf2_sha256$870000$4AeE2Oqyf9reH9Odf2Dtrm$IGhD9wzwg3xFleZbFsyMQESuGfKohKvf9skghNpMgqo=", "last_login": "2025-06-01T11:52:22.588Z", "is_superuser": true, "username": "annasundbye", "first_name": "", "last_name": "", "email": "anna.w.s@live.no", "is_staff": true, "is_active": true, "date_joined": "2025-02-22T13:29:00.585Z", "groups": [], "user_permissions": []}}, {"model": "auth.user", "pk": 2, "fields": {"password": "pbkdf2_sha256$870000$50FCIQTldfzWwkoTPLTprw$X1FWwa5kbhPrn4x8NBVbdQ4ecNj8gr3s1bXwjZ3VrZ4=", "last_login": "2025-05-18T20:27:13.568Z", "is_superuser": true, "username": "anna", "first_name": "", "last_name": "", "email": "anna.w.s@live.no", "is_staff": true, "is_active": true, "date_joined": "2025-04-13T18:18:13.010Z", "groups": [], "user_permissions": []}}, {"model": "auth.user", "pk": 3, "fields": {"password": "pbkdf2_sha256$870000$v0YnW888YElyd0hQMlDNjn$5Mz2XN+rZprptdiZSVk7DoGSvm/ZORvz10e8R+TqFM0=", "last_login": "2025-06-02T16:43:27.023Z", "is_superuser": true, "username": "lord-franz", "first_name": "Dudleif", "last_name": "", "email": "franzziboyy2@gmail.com", "is_staff": true, "is_active": true, "date_joined": "2025-04-24T17:34:26.590Z", "groups": [], "user_permissions": []}}, {"model": "sessions.session", "pk": "3sel2szcukjig1uyrem8q75cm9db6m0y", "fields": {"session_data": ".eJxVjMsOwiAQRf-FtSEwhdJx6d5vIMMw2KqBpI-V8d-1SRe6veec-1KRtnWM2yJznLI6K6tOv1sifkjdQb5TvTXNra7zlPSu6IMu-tqyPC-H-3cw0jJ-a3KuK1K8MUzJeShMEjDl4Dz31iKQDGQy9kMxHgG7gAME9gKEDK5X7w_xijew:1tlpby:sn0nIfsZBi7FQjeIp7GZaHg3ZIDVudiQ5noalETIDHc", "expire_date": "2025-03-08T13:32:06.424Z"}}, {"model": "sessions.session", "pk": "59ifwkjhlt0301tkmkg8xavr08u4u0y8", "fields": {"session_data": ".eJxVjMsOwiAQRf-FtSFAebQu3fsNZGYYpGogKe3K-O_apAvd3nPOfYkI21ri1nmJcxJnMYjT74ZAD647SHeotyap1XWZUe6KPGiX15b4eTncv4MCvXxrQpWt92jHMHCylvPgncfAiRHQskpGORPGoLWjDJPTjKSz8XYKnhyJ9wf3Jzg4:1u80TD:xYbYBrNQG2k716GPu6YYSP_J9WBDgJc38GAm6emky9w", "expire_date": "2025-05-08T17:34:43.237Z"}}, {"model": "sessions.session", "pk": "85x1d1uwt5eb8yux8loendyzbj2uiebt", "fields": {"session_data": ".eJxVjLsOAiEUBf-F2hDeD0v7_QZyuYCsGkiW3cr474ZkC23PzJw3CXDsNRwjb2FN5EoEufxuEfCZ2wTpAe3eKfa2b2ukU6EnHXTpKb9up_t3UGHUWXsrY2ScGSM8d1CEk0IpbdD5ooV1LvNSJPdWAMqo0DAOEZVnSqN0iXy-tww26A:1uBGet:RME4RhyZ86j-HXI7HhwZWfUPN1bY7dg4vN7Ew0oVtBA", "expire_date": "2025-05-17T17:28:15.708Z"}}, {"model": "sessions.session", "pk": "c4do76x3r857vdjwwb4vvm1wkqfuterz", "fields": {"session_data": ".eJxVjLsOAiEUBf-F2hDeD0v7_QZyuYCsGkiW3cr474ZkC23PzJw3CXDsNRwjb2FN5EoEufxuEfCZ2wTpAe3eKfa2b2ukU6EnHXTpKb9up_t3UGHUWXsrY2ScGSM8d1CEk0IpbdD5ooV1LvNSJPdWAMqo0DAOEZVnSqN0iXy-tww26A:1u41uT:sGN-_Jc95KJS48UG4ZqJnHMuNsPlneG73RHY-v15JXg", "expire_date": "2025-04-27T18:18:25.078Z"}}, {"model": "sessions.session", "pk": "dtyz8reozlnbgrh5pradtjtwtnu7t7bp", "fields": {"session_data": ".eJxVjMsOwiAQRf-FtSEwhdJx6d5vIMMw2KqBpI-V8d-1SRe6veec-1KRtnWM2yJznLI6K6tOv1sifkjdQb5TvTXNra7zlPSu6IMu-tqyPC-H-3cw0jJ-a3KuK1K8MUzJeShMEjDl4Dz31iKQDGQy9kMxHgG7gAME9gKEDK5X7w_xijew:1uEWsM:FVKYw6yssHRacvrskWxZ3aAo_WsWFa_mEj8Ubd3na7M", "expire_date": "2025-05-26T17:23:38.351Z"}}, {"model": "sessions.session", "pk": "k3r1vx0do0xbt9fzzry62pcr5395ecxz", "fields": {"session_data": ".eJxVjMsOwiAQRf-FtSEwhdJx6d5vIMMw2KqBpI-V8d-1SRe6veec-1KRtnWM2yJznLI6K6tOv1sifkjdQb5TvTXNra7zlPSu6IMu-tqyPC-H-3cw0jJ-a3KuK1K8MUzJeShMEjDl4Dz31iKQDGQy9kMxHgG7gAME9gKEDK5X7w_xijew:1txZKd:aVmYMa7_Mvym0P8qvnyPGec0W348UXoTGbCF6L2uQuY", "expire_date": "2025-04-09T22:34:43.192Z"}}, {"model": "sessions.session", "pk": "l1chqeer9ix8i2oib6sr55ov40sq41c6", "fields": {"session_data": ".eJxVjLsOAiEUBf-F2hDeD0v7_QZyuYCsGkiW3cr474ZkC23PzJw3CXDsNRwjb2FN5EoEufxuEfCZ2wTpAe3eKfa2b2ukU6EnHXTpKb9up_t3UGHUWXsrY2ScGSM8d1CEk0IpbdD5ooV1LvNSJPdWAMqo0DAOEZVnSqN0iXy-tww26A:1uGkbJ:aTRqYCC8y_aKSxkHIfUs9LvvyVqH5Ndt6RFWMb-TaRQ", "expire_date": "2025-06-01T20:27:13.569Z"}}, {"model": "sessions.session", "pk": "p7b228ux5ufoc0d6u3a1ejr6drbgptnq", "fields": {"session_data": ".eJxVjMsOwiAQRf-FtSFAebQu3fsNZGYYpGogKe3K-O_apAvd3nPOfYkI21ri1nmJcxJnMYjT74ZAD647SHeotyap1XWZUe6KPGiX15b4eTncv4MCvXxrQpWt92jHMHCylvPgncfAiRHQskpGORPGoLWjDJPTjKSz8XYKnhyJ9wf3Jzg4:1uM8Fz:0gxzoiz6JlFXQGSsYqu7HZckVAtIFeCOW-KlWPcjmFQ", "expire_date": "2025-06-16T16:43:27.028Z"}}, {"model": "sessions.session", "pk": "ug2pbp226qfaras1erivgfj63o57dcdx", "fields": {"session_data": ".eJxVjLsOAiEUBf-F2hDeD0v7_QZyuYCsGkiW3cr474ZkC23PzJw3CXDsNRwjb2FN5EoEufxuEfCZ2wTpAe3eKfa2b2ukU6EnHXTpKb9up_t3UGHUWXsrY2ScGSM8d1CEk0IpbdD5ooV1LvNSJPdWAMqo0DAOEZVnSqN0iXy-tww26A:1u9roI:iTTKJEwbOZeVrXAwJQfoVyBmUruE3crDEmPVfndwi4U", "expire_date": "2025-05-13T20:44:10.628Z"}}]